path	error
calculix__CalculiX-Examples/CAD/OnshapeTutorial/solve.inp	FileNotFoundError: [Errno 2] No such file or directory: 'calculix__CalculiX-Examples/CAD/OnshapeTutorial/all.msh'
calculix__CalculiX-Examples/CAD/Opt/Solve.inp	FileNotFoundError: [Errno 2] No such file or directory: 'calculix__CalculiX-Examples/CAD/Opt/all.msh'
calculix__CalculiX-Examples/Contact/CNC/solve.inp	FileNotFoundError: [Errno 2] No such file or directory: 'calculix__CalculiX-Examples/Contact/CNC/all.msh'
calculix__CalculiX-Examples/Contact/Eyebar/eyebar.inp	FileNotFoundError: [Errno 2] No such file or directory: 'calculix__CalculiX-Examples/Contact/Eyebar/all.msh'
calculix__CalculiX-Examples/Contact/Hertz_2D/Hertz.inp	FileNotFoundError: [Errno 2] No such file or directory: 'calculix__CalculiX-Examples/Contact/Hertz_2D/all.msh'
calculix__CalculiX-Examples/Contact/Hertz_axi/Hertz.inp	FileNotFoundError: [Errno 2] No such file or directory: 'calculix__CalculiX-Examples/Contact/Hertz_axi/all.msh'
calculix__CalculiX-Examples/Contact/Leafspring/solve.inp	FileNotFoundError: [Errno 2] No such file or directory: 'calculix__CalculiX-Examples/Contact/Leafspring/all.msh'
calculix__CalculiX-Examples/Contact/Leafspring/solve_acd.inp	FileNotFoundError: [Errno 2] No such file or directory: 'calculix__CalculiX-Examples/Contact/Leafspring/all.msh'
calculix__CalculiX-Examples/Contact/Penalty/solve.inp	FileNotFoundError: [Errno 2] No such file or directory: 'calculix__CalculiX-Examples/Contact/Penalty/all.msh'
calculix__CalculiX-Examples/Contact/Shell0/equ.inp	FileNotFoundError: [Errno 2] No such file or directory: 'calculix__CalculiX-Examples/Contact/Shell0/all.msh'
calculix__CalculiX-Examples/Contact/Shell0/pc-ns.inp	FileNotFoundError: [Errno 2] No such file or directory: 'calculix__CalculiX-Examples/Contact/Shell0/all.msh'
calculix__CalculiX-Examples/Contact/Shell0/pc-ss.inp	FileNotFoundError: [Errno 2] No such file or directory: 'calculix__CalculiX-Examples/Contact/Shell0/all.msh'
calculix__CalculiX-Examples/Contact/Shell0/tie.inp	FileNotFoundError: [Errno 2] No such file or directory: 'calculix__CalculiX-Examples/Contact/Shell0/all.msh'
calculix__CalculiX-Examples/Contact/Shell1/tie.inp	FileNotFoundError: [Errno 2] No such file or directory: 'calculix__CalculiX-Examples/Contact/Shell1/all.msh'
calculix__CalculiX-Examples/Contact/Tubes/solve.inp	FileNotFoundError: [Errno 2] No such file or directory: 'calculix__CalculiX-Examples/Contact/Tubes/all.msh'
calculix__CalculiX-Examples/Contact/Valve/valve.inp	FileNotFoundError: [Errno 2] No such file or directory: 'calculix__CalculiX-Examples/Contact/Valve/all.msh'
calculix__CalculiX-Examples/Drahtbiegen/Biegung/Biegung.inp	FileNotFoundError: [Errno 2] No such file or directory: 'calculix__CalculiX-Examples/Drahtbiegen/Biegung/all.msh'
calculix__CalculiX-Examples/Drahtbiegen/Zug/Zug.inp	FileNotFoundError: [Errno 2] No such file or directory: 'calculix__CalculiX-Examples/Drahtbiegen/Zug/all.msh'
calculix__CalculiX-Examples/Elements/Shell/shell.inp	FileNotFoundError: [Errno 2] No such file or directory: 'calculix__CalculiX-Examples/Elements/Shell/all.msh'
calculix__CalculiX-Examples/Elements/Solid/solid.inp	FileNotFoundError: [Errno 2] No such file or directory: 'calculix__CalculiX-Examples/Elements/Solid/all.msh'
calculix__CalculiX-Examples/Kasten/Kasten.inp	FileNotFoundError: [Errno 2] No such file or directory: 'calculix__CalculiX-Examples/Kasten/all.msh'
calculix__CalculiX-Examples/Linear/BiaxBending/Biegung.inp	FileNotFoundError: [Errno 2] No such file or directory: 'calculix__CalculiX-Examples/Linear/BiaxBending/all.msh'
calculix__CalculiX-Examples/Linear/Crack1/solve.inp	FileNotFoundError: [Errno 2] No such file or directory: 'calculix__CalculiX-Examples/Linear/Crack1/all.msh'
calculix__CalculiX-Examples/Linear/L-Plate/solve.inp	FileNotFoundError: [Errno 2] No such file or directory: 'calculix__CalculiX-Examples/Linear/L-Plate/all.msh'
calculix__CalculiX-Examples/Linear/Mesh1/modal.inp	FileNotFoundError: [Errno 2] No such file or directory: 'calculix__CalculiX-Examples/Linear/Mesh1/all.msh'
calculix__CalculiX-Examples/Linear/PSE/solve.inp	FileNotFoundError: [Errno 2] No such file or directory: 'calculix__CalculiX-Examples/Linear/PSE/all.msh'
calculix__CalculiX-Examples/Linear/Plates/plates.inp	FileNotFoundError: [Errno 2] No such file or directory: 'calculix__CalculiX-Examples/Linear/Plates/all.msh'
calculix__CalculiX-Examples/Linear/Separate/element.inp	FileNotFoundError: [Errno 2] No such file or directory: 'calculix__CalculiX-Examples/Linear/Separate/separate-nod.inc'
calculix__CalculiX-Examples/Linear/Separate/nodal.inp	FileNotFoundError: [Errno 2] No such file or directory: 'calculix__CalculiX-Examples/Linear/Separate/all.msh'
calculix__CalculiX-Examples/Linear/ShearCenter/II.inp	FileNotFoundError: [Errno 2] No such file or directory: 'calculix__CalculiX-Examples/Linear/ShearCenter/all.msh'
calculix__CalculiX-Examples/Linear/StressConc/Stress.inp	FileNotFoundError: [Errno 2] No such file or directory: 'calculix__CalculiX-Examples/Linear/StressConc/all.msh'
calculix__CalculiX-Examples/Linear/StressConc1/Stress.inp	FileNotFoundError: [Errno 2] No such file or directory: 'calculix__CalculiX-Examples/Linear/StressConc1/all.msh'
calculix__CalculiX-Examples/Linear/StressConc1/Stress1.inp	FileNotFoundError: [Errno 2] No such file or directory: 'calculix__CalculiX-Examples/Linear/StressConc1/all.msh'
calculix__CalculiX-Examples/NonLinear/3PB/Biegung.inp	FileNotFoundError: [Errno 2] No such file or directory: 'calculix__CalculiX-Examples/NonLinear/3PB/all.msh'
calculix__CalculiX-Examples/NonLinear/Bolt/thermal.inp	FileNotFoundError: [Errno 2] No such file or directory: 'calculix__CalculiX-Examples/NonLinear/Bolt/bolt.msh'
calculix__CalculiX-Examples/NonLinear/Creep/solve.inp	FileNotFoundError: [Errno 2] No such file or directory: 'calculix__CalculiX-Examples/NonLinear/Creep/all.msh'
calculix__CalculiX-Examples/NonLinear/Creep/solve2.inp	FileNotFoundError: [Errno 2] No such file or directory: 'calculix__CalculiX-Examples/NonLinear/Creep/all.msh'
calculix__CalculiX-Examples/NonLinear/Cut/solve.inp	FileNotFoundError: [Errno 2] No such file or directory: 'calculix__CalculiX-Examples/NonLinear/Cut/all.msh'
calculix__CalculiX-Examples/NonLinear/Honeycomb/Biegung.inp	FileNotFoundError: [Errno 2] No such file or directory: 'calculix__CalculiX-Examples/NonLinear/Honeycomb/all.msh'
calculix__CalculiX-Examples/NonLinear/Rohrknie/shell-modal.inp	FileNotFoundError: [Errno 2] No such file or directory: 'calculix__CalculiX-Examples/NonLinear/Rohrknie/all.msh'
calculix__CalculiX-Examples/NonLinear/Rohrknie/shell-sym-modal.inp	FileNotFoundError: [Errno 2] No such file or directory: 'calculix__CalculiX-Examples/NonLinear/Rohrknie/all.msh'
calculix__CalculiX-Examples/NonLinear/Rohrknie/solid-modal.inp	FileNotFoundError: [Errno 2] No such file or directory: 'calculix__CalculiX-Examples/NonLinear/Rohrknie/all.msh'
calculix__CalculiX-Examples/NonLinear/Rohrknie/solid-static.inp	FileNotFoundError: [Errno 2] No such file or directory: 'calculix__CalculiX-Examples/NonLinear/Rohrknie/all.msh'
calculix__CalculiX-Examples/NonLinear/Rohrknie/solid-sym-modal.inp	FileNotFoundError: [Errno 2] No such file or directory: 'calculix__CalculiX-Examples/NonLinear/Rohrknie/all.msh'
calculix__CalculiX-Examples/NonLinear/Sandwichtest/Biegung.inp	FileNotFoundError: [Errno 2] No such file or directory: 'calculix__CalculiX-Examples/NonLinear/Sandwichtest/all.msh'
calculix__CalculiX-Examples/NonLinear/Sections/Biegung.inp	FileNotFoundError: [Errno 2] No such file or directory: 'calculix__CalculiX-Examples/NonLinear/Sections/all.msh'
calculix__CalculiX-Examples/NonLinear/Sections/Plastic/Biegung.inp	FileNotFoundError: [Errno 2] No such file or directory: 'calculix__CalculiX-Examples/NonLinear/Sections/Plastic/all.msh'
calculix__CalculiX-Examples/NonLinear/TensileTest/Zug.inp	FileNotFoundError: [Errno 2] No such file or directory: 'calculix__CalculiX-Examples/NonLinear/TensileTest/all.msh'
calculix__CalculiX-Examples/Pillow/static.inp	FileNotFoundError: [Errno 2] No such file or directory: 'calculix__CalculiX-Examples/Pillow/all.msh'
calculix__CalculiX-Examples/RVE/Periodic/Solve.inp	FileNotFoundError: [Errno 2] No such file or directory: 'calculix__CalculiX-Examples/RVE/Periodic/all.msh'
calculix__CalculiX-Examples/RVE/PlanarSlide/Zug.inp	FileNotFoundError: [Errno 2] No such file or directory: 'calculix__CalculiX-Examples/RVE/PlanarSlide/all.msh'
calculix__CalculiX-Examples/RVE/PlaneOrtho1/Zug.inp	FileNotFoundError: [Errno 2] No such file or directory: 'calculix__CalculiX-Examples/RVE/PlaneOrtho1/all.msh'
calculix__CalculiX-Examples/Streifen/b.inp	FileNotFoundError: [Errno 2] No such file or directory: 'calculix__CalculiX-Examples/Streifen/all.msh'
calculix__CalculiX-Examples/Streifen/sck.inp	FileNotFoundError: [Errno 2] No such file or directory: 'calculix__CalculiX-Examples/Streifen/all.msh'
calculix__CalculiX-Examples/Streifen/sh.inp	FileNotFoundError: [Errno 2] No such file or directory: 'calculix__CalculiX-Examples/Streifen/all.msh'
calculix__CalculiX-Examples/Streifen/sm.inp	FileNotFoundError: [Errno 2] No such file or directory: 'calculix__CalculiX-Examples/Streifen/all.msh'
calculix__CalculiX-Examples/Streifen/sr.inp	FileNotFoundError: [Errno 2] No such file or directory: 'calculix__CalculiX-Examples/Streifen/all.msh'
calculix__CalculiX-Examples/Test/Beam/modal.inp	FileNotFoundError: [Errno 2] No such file or directory: 'calculix__CalculiX-Examples/Test/Beam/all.msh'
calculix__CalculiX-Examples/Test/BeamSections/b32.inp	FileNotFoundError: [Errno 2] No such file or directory: 'calculix__CalculiX-Examples/Test/BeamSections/b32.msh'
calculix__CalculiX-Examples/Test/Distributing/solve.inp	FileNotFoundError: [Errno 2] No such file or directory: 'calculix__CalculiX-Examples/Test/Distributing/all.msh'
calculix__CalculiX-Examples/Test/Joints/solve.inp	FileNotFoundError: [Errno 2] No such file or directory: 'calculix__CalculiX-Examples/Test/Joints/all.msh'
calculix__CalculiX-Examples/Test/Joints/solve2.inp	FileNotFoundError: [Errno 2] No such file or directory: 'calculix__CalculiX-Examples/Test/Joints/all.msh'
calculix__CalculiX-Examples/Test/Meanrot/solve.inp	FileNotFoundError: [Errno 2] No such file or directory: 'calculix__CalculiX-Examples/Test/Meanrot/all.msh'
calculix__CalculiX-Examples/Test/NodalForces/solid.inp	FileNotFoundError: [Errno 2] No such file or directory: 'calculix__CalculiX-Examples/Test/NodalForces/all.msh'
calculix__CalculiX-Examples/Test/Supports/solve.inp	FileNotFoundError: [Errno 2] No such file or directory: 'calculix__CalculiX-Examples/Test/Supports/all.msh'
calculix__CalculiX-Examples/Test/Supports/trans.inp	FileNotFoundError: [Errno 2] No such file or directory: 'calculix__CalculiX-Examples/Test/Supports/all.msh'
calculix__CalculiX-Examples/Test/Supports/trfix.inp	FileNotFoundError: [Errno 2] No such file or directory: 'calculix__CalculiX-Examples/Test/Supports/all.msh'
calculix__CalculiX-Examples/Test/Supports1/solve.inp	FileNotFoundError: [Errno 2] No such file or directory: 'calculix__CalculiX-Examples/Test/Supports1/all.msh'
calculix__CalculiX-Examples/Thermal/Thermal distortion/Tjoint.inp	FileNotFoundError: [Errno 2] No such file or directory: 'calculix__CalculiX-Examples/Thermal/Thermal distortion/all.msh'
calculix__CalculiX-Examples/Thermal/Thermal shock/solve.inp	FileNotFoundError: [Errno 2] No such file or directory: 'calculix__CalculiX-Examples/Thermal/Thermal shock/all.msh'
calculix__CalculiX-Examples/Thermal/Thermografie/Naht.inp	FileNotFoundError: [Errno 2] No such file or directory: 'calculix__CalculiX-Examples/Thermal/Thermografie/all.msh'
calculix__CalculiX-Examples/Thermal/thermo1d/solve.inp	FileNotFoundError: [Errno 2] No such file or directory: 'calculix__CalculiX-Examples/Thermal/thermo1d/all.msh'
calculix__CalculiX-Examples/Thermal/thermo1d/solve2d.inp	FileNotFoundError: [Errno 2] No such file or directory: 'calculix__CalculiX-Examples/Thermal/thermo1d/all.msh'
calculix__CalculiX-Examples/Thermal/thermo1d/solve2d_sep.inp	FileNotFoundError: [Errno 2] No such file or directory: 'calculix__CalculiX-Examples/Thermal/thermo1d/separate-nod.inc'
calculix__CalculiX-Examples/Thermal/thermo1d/solve_sep.inp	FileNotFoundError: [Errno 2] No such file or directory: 'calculix__CalculiX-Examples/Thermal/thermo1d/separate-nod.inc'
calculix__examples/ccx/test/lin_stat_cooks_beam_128.inp	ValueError: calculix__examples/ccx/test/lin_stat_cooks_beam_128.inp:232: part/assembly/instance namespaces are not supported
calculix__examples/ccx/test/lin_stat_th_gradient.inp	ValueError: calculix__examples/ccx/test/lin_stat_th_gradient.inp:1292: part/assembly/instance namespaces are not supported
calculix__examples/ccx/test/lin_stat_twisted_beam.inp	ValueError: calculix__examples/ccx/test/lin_stat_twisted_beam.inp:25: part/assembly/instance namespaces are not supported
calculix__examples/cgx/airfoil/ccx/rae2822.inp	FileNotFoundError: [Errno 2] No such file or directory: 'calculix__examples/cgx/airfoil/ccx/all.msh'
calculix__examples/cgx/compressor/lavffcyc.inp	FileNotFoundError: [Errno 2] No such file or directory: 'calculix__examples/cgx/compressor/all.msh'
calculix__examples/cgx/dolfyn/mirror/spiegel.inp	FileNotFoundError: [Errno 2] No such file or directory: 'calculix__examples/cgx/dolfyn/mirror/ingang.sur'
calculix__examples/cgx/glue/latjm.inp	FileNotFoundError: [Errno 2] No such file or directory: 'calculix__examples/cgx/glue/all.msh'
calculix__examples/cgx/pressfit/flange.inp	FileNotFoundError: [Errno 2] No such file or directory: 'calculix__examples/cgx/pressfit/all.msh'
calculix__examples/cgx/swepElements/ring1.inp	FileNotFoundError: [Errno 2] No such file or directory: 'calculix__examples/cgx/swepElements/all.msh'
calculix__examples/cgx/thermal/latimtrans.inp	FileNotFoundError: [Errno 2] No such file or directory: 'calculix__examples/cgx/thermal/all.msh'
calculix__examples/cgx/turbine/latim.inp	FileNotFoundError: [Errno 2] No such file or directory: 'calculix__examples/cgx/turbine/all.msh'
calculix__examples/cgx-jet-engine-model/thermal2D/test_2d.inp	FileNotFoundError: [Errno 2] No such file or directory: 'calculix__examples/cgx-jet-engine-model/thermal2D/all.msh'
calculix__examples/other/CubeTie/CubeTie.inp	FileNotFoundError: [Errno 2] No such file or directory: 'calculix__examples/other/CubeTie/Group_Inner_Cnt_L.sur'
calculix__examples/other/CubeTie/Mesh_Btm_OUT_ReID.inp	FileNotFoundError: [Errno 2] No such file or directory: 'calculix__examples/other/CubeTie/Group_Inner_Cnt_L.sur'
calculix__examples/other/CubeTie/Mesh_Top_OUT_ReID.inp	FileNotFoundError: [Errno 2] No such file or directory: 'calculix__examples/other/CubeTie/Group_Inner_Cnt.sur'
calculix__examples/other/Kandala_Stepan_Floor.inp	ValueError: calculix__examples/other/Kandala_Stepan_Floor.inp:3: part/assembly/instance namespaces are not supported
calculix__examples/yahoo/abaqus1.inp	ValueError: calculix__examples/yahoo/abaqus1.inp:8: part/assembly/instance namespaces are not supported
calculix__examples/yahoo/abaqus2.inp	ValueError: calculix__examples/yahoo/abaqus2.inp:7: part/assembly/instance namespaces are not supported
calculix__examples/yahoo/linear_dload_abaqus.inp	ValueError: calculix__examples/yahoo/linear_dload_abaqus.inp:8: part/assembly/instance namespaces are not supported
calculix__examples/yahoo/nfv4x32x.inp	ValueError: calculix__examples/yahoo/nfv4x32x.inp:9: sets created by *NGEN are not supported
calculix__examples/yahoo/rot-solid.inp	ValueError: calculix__examples/yahoo/rot-solid.inp:8: part/assembly/instance namespaces are not supported
calculix__examples/yahoo/test1.inp	ValueError: calculix__examples/yahoo/test1.inp:2: ID must be a positive int64, got '0'
ccx-2.22/CalculiX/ccx_2.22/test/lin_stat_cooks_beam_128.inp	ValueError: ccx-2.22/CalculiX/ccx_2.22/test/lin_stat_cooks_beam_128.inp:232: part/assembly/instance namespaces are not supported
ccx-2.22/CalculiX/ccx_2.22/test/lin_stat_th_gradient.inp	ValueError: ccx-2.22/CalculiX/ccx_2.22/test/lin_stat_th_gradient.inp:1292: part/assembly/instance namespaces are not supported
ccx-2.22/CalculiX/ccx_2.22/test/lin_stat_twisted_beam.inp	ValueError: ccx-2.22/CalculiX/ccx_2.22/test/lin_stat_twisted_beam.inp:25: part/assembly/instance namespaces are not supported
ccx-2.23/CalculiX/ccx_2.23/test/lin_stat_cooks_beam_128.inp	ValueError: ccx-2.23/CalculiX/ccx_2.23/test/lin_stat_cooks_beam_128.inp:232: part/assembly/instance namespaces are not supported
ccx-2.23/CalculiX/ccx_2.23/test/lin_stat_th_gradient.inp	ValueError: ccx-2.23/CalculiX/ccx_2.23/test/lin_stat_th_gradient.inp:1292: part/assembly/instance namespaces are not supported
ccx-2.23/CalculiX/ccx_2.23/test/lin_stat_twisted_beam.inp	ValueError: ccx-2.23/CalculiX/ccx_2.23/test/lin_stat_twisted_beam.inp:25: part/assembly/instance namespaces are not supported
